{"cameraMode":{"drawMode":0,"name":"Shaded","section":"Shading Mode"},"sceneLighting":false,"audioPlay":false,"sceneViewState":{"showFog":false,"showMaterialUpdate":false,"showSkybox":false,"showFlares":false,"showImageEffects":false,"showParticleSystems":false},"in2DMode":false,"pivot":{"x":0.248078390955925,"y":0.7113882303237915,"z":-3.6841142177581789},"rotation":{"x":-0.08352868258953095,"y":0.7916948795318604,"z":-0.1111636683344841,"w":-0.5948822498321533},"size":0.23810309171676637,"orthographic":false}