{"cameraMode":{"drawMode":0,"name":"Shaded","section":"Shading Mode"},"sceneLighting":false,"audioPlay":false,"sceneViewState":{"showFog":false,"showMaterialUpdate":false,"showSkybox":false,"showFlares":false,"showImageEffects":false,"showParticleSystems":false},"in2DMode":false,"pivot":{"x":620.8942260742188,"y":250.80575561523438,"z":-84.70956420898438},"rotation":{"x":-0.11489302664995194,"y":0.2128363847732544,"z":-0.025210244581103326,"w":-0.969981849193573},"size":503.9345703125,"orthographic":false}