{"cameraMode":{"drawMode":0,"name":"Shaded","section":"Shading Mode"},"sceneLighting":false,"audioPlay":false,"sceneViewState":{"showFog":false,"showMaterialUpdate":false,"showSkybox":false,"showFlares":false,"showImageEffects":false,"showParticleSystems":false},"in2DMode":false,"pivot":{"x":0.11149096488952637,"y":0.6623356938362122,"z":-3.7964649200439455},"rotation":{"x":-0.06504424661397934,"y":0.7727860808372498,"z":-0.08027017116546631,"w":-0.6262010335922241},"size":0.4362001121044159,"orthographic":false}