{"cameraMode":{"drawMode":0,"name":"Shaded","section":"Shading Mode"},"sceneLighting":false,"audioPlay":false,"sceneViewState":{"showFog":false,"showMaterialUpdate":false,"showSkybox":false,"showFlares":false,"showImageEffects":false,"showParticleSystems":false},"in2DMode":false,"pivot":{"x":1.9134800434112549,"y":1.1191704273223878,"z":4.1580305099487309},"rotation":{"x":-0.06850194185972214,"y":-0.19449001550674439,"z":0.013616691343486309,"w":-0.9784148931503296},"size":1.8058345317840577,"orthographic":false}