{"cameraMode":{"drawMode":0,"name":"Shaded","section":"Shading Mode"},"sceneLighting":false,"audioPlay":false,"sceneViewState":{"showFog":false,"showMaterialUpdate":false,"showSkybox":false,"showFlares":false,"showImageEffects":false,"showParticleSystems":false},"in2DMode":false,"pivot":{"x":7.047321319580078,"y":1.7128534317016602,"z":0.20826900005340577},"rotation":{"x":-0.00006082999971113168,"y":0.9999388456344605,"z":-0.008398386649787426,"w":-0.007201923057436943},"size":1.3537938594818116,"orthographic":false}