{"cameraMode":{"drawMode":0,"name":"Shaded","section":"Shading Mode"},"sceneLighting":false,"audioPlay":false,"sceneViewState":{"showFog":false,"showMaterialUpdate":false,"showSkybox":false,"showFlares":false,"showImageEffects":false,"showParticleSystems":false},"in2DMode":false,"pivot":{"x":-0.12272578477859497,"y":0.44442838430404665,"z":-3.2431259155273439},"rotation":{"x":-0.17467886209487916,"y":0.4103478491306305,"z":-0.0804094523191452,"w":-0.891423761844635},"size":1.1881799697875977,"orthographic":false}