{"cameraMode":{"drawMode":0,"name":"Shaded","section":"Shading Mode"},"sceneLighting":false,"audioPlay":false,"sceneViewState":{"showFog":false,"showMaterialUpdate":false,"showSkybox":false,"showFlares":false,"showImageEffects":false,"showParticleSystems":false},"in2DMode":false,"pivot":{"x":0.5659999847412109,"y":-0.022300004959106447,"z":0.11980009078979492},"rotation":{"x":-0.0353047251701355,"y":0.6191087365150452,"z":-0.027878902852535249,"w":-0.7840158343315125},"size":0.9176331162452698,"orthographic":false}