{"cameraMode":{"drawMode":0,"name":"Shaded","section":"Shading Mode"},"sceneLighting":false,"audioPlay":false,"sceneViewState":{"showFog":false,"showMaterialUpdate":false,"showSkybox":false,"showFlares":false,"showImageEffects":false,"showParticleSystems":false},"in2DMode":false,"pivot":{"x":-0.01921330951154232,"y":0.9622023105621338,"z":-0.5006178617477417},"rotation":{"x":-0.1210823580622673,"y":0.04406453296542168,"z":-0.0053803762421011929,"w":-0.9916493892669678},"size":0.3757801651954651,"orthographic":false}