{"cameraMode":{"drawMode":0,"name":"Shaded","section":"Shading Mode"},"sceneLighting":false,"audioPlay":false,"sceneViewState":{"showFog":false,"showMaterialUpdate":false,"showSkybox":false,"showFlares":false,"showImageEffects":false,"showParticleSystems":false},"in2DMode":false,"pivot":{"x":-0.4887656569480896,"y":0.5094442367553711,"z":-3.2852165699005129},"rotation":{"x":-0.0858074203133583,"y":0.5355706810951233,"z":-0.05481844022870064,"w":-0.8383293747901917},"size":1.3630211353302003,"orthographic":false}