{"cameraMode":{"drawMode":0,"name":"Shaded","section":"Shading Mode"},"sceneLighting":false,"audioPlay":false,"sceneViewState":{"showFog":false,"showMaterialUpdate":false,"showSkybox":false,"showFlares":false,"showImageEffects":false,"showParticleSystems":false},"in2DMode":false,"pivot":{"x":0.620995044708252,"y":0.027474500238895417,"z":0.14899998903274537},"rotation":{"x":-0.0353047251701355,"y":0.6191087365150452,"z":-0.027878902852535249,"w":-0.7840158343315125},"size":1.9527767896652222,"orthographic":false}