{"cameraMode":{"drawMode":0,"name":"Shaded","section":"Shading Mode"},"sceneLighting":true,"audioPlay":false,"sceneViewState":{"showFog":false,"showMaterialUpdate":false,"showSkybox":false,"showFlares":false,"showImageEffects":false,"showParticleSystems":false},"in2DMode":false,"pivot":{"x":0.09550094604492188,"y":0.5791927576065064,"z":-4.231626987457275},"rotation":{"x":-0.09058112651109696,"y":0.6787521243095398,"z":-0.08494405448436737,"w":-0.7237922549247742},"size":2.9289512634277345,"orthographic":false}