{"cameraMode":{"drawMode":0,"name":"Shaded","section":"Shading Mode"},"sceneLighting":false,"audioPlay":false,"sceneViewState":{"showFog":false,"showMaterialUpdate":false,"showSkybox":false,"showFlares":false,"showImageEffects":false,"showParticleSystems":false},"in2DMode":false,"pivot":{"x":6.8535566329956059,"y":1.5249977111816407,"z":-0.3614541292190552},"rotation":{"x":0.0939774364233017,"y":0.7063848972320557,"z":-0.09551263600587845,"w":0.6950294971466065},"size":0.8573652505874634,"orthographic":false}