{"cameraMode":{"drawMode":0,"name":"Shaded","section":"Shading Mode"},"sceneLighting":false,"audioPlay":false,"sceneViewState":{"showFog":false,"showMaterialUpdate":false,"showSkybox":false,"showFlares":false,"showImageEffects":false,"showParticleSystems":false},"in2DMode":false,"pivot":{"x":-0.0441366583108902,"y":-0.10483811795711518,"z":0.5406988263130188},"rotation":{"x":-0.22476254403591157,"y":0.6814743876457214,"z":-0.23342259228229524,"w":-0.6561923623085022},"size":0.3757801651954651,"orthographic":false}