{"cameraMode":{"drawMode":0,"name":"Shaded","section":"Shading Mode"},"sceneLighting":false,"audioPlay":false,"sceneViewState":{"showFog":false,"showMaterialUpdate":false,"showSkybox":false,"showFlares":false,"showImageEffects":false,"showParticleSystems":false},"in2DMode":false,"pivot":{"x":-0.3617827296257019,"y":0.2673145830631256,"z":3.6112794876098635},"rotation":{"x":0.1289164125919342,"y":-0.023483892902731897,"z":0.0030540558509528639,"w":0.9913727045059204},"size":1.1547913551330567,"orthographic":false}