{"cameraMode":{"drawMode":0,"name":"Shaded","section":"Shading Mode"},"sceneLighting":false,"audioPlay":false,"sceneViewState":{"showFog":true,"showMaterialUpdate":false,"showSkybox":true,"showFlares":true,"showImageEffects":true,"showParticleSystems":true},"in2DMode":false,"pivot":{"x":240.96176147460938,"y":266.2041931152344,"z":-25.384552001953126},"rotation":{"x":0.057195864617824557,"y":0.053881365805864337,"z":-0.0030913781374692919,"w":0.9969031810760498},"size":426.92333984375,"orthographic":false}