{"cameraMode":{"drawMode":0,"name":"Shaded","section":"Shading Mode"},"sceneLighting":false,"audioPlay":false,"sceneViewState":{"showFog":true,"showMaterialUpdate":false,"showSkybox":true,"showFlares":true,"showImageEffects":true,"showParticleSystems":true},"in2DMode":false,"pivot":{"x":58.65234375,"y":-16.750938415527345,"z":30.745859146118165},"rotation":{"x":0.0984431728720665,"y":0.5679082870483398,"z":-0.06865667551755905,"w":0.8142944574356079},"size":161.35430908203126,"orthographic":false}