{"cameraMode":{"drawMode":0,"name":"Shaded","section":"Shading Mode"},"sceneLighting":false,"audioPlay":false,"sceneViewState":{"showFog":true,"showMaterialUpdate":false,"showSkybox":true,"showFlares":true,"showImageEffects":true,"showParticleSystems":true},"in2DMode":false,"pivot":{"x":-11.652480125427246,"y":4.675759792327881,"z":-3.7038352489471437},"rotation":{"x":0.035135868936777118,"y":0.7252913117408752,"z":-0.03713187575340271,"w":0.6865414977073669},"size":3.187713861465454,"orthographic":false}