{"cameraMode":{"drawMode":0,"name":"Shaded","section":"Shading Mode"},"sceneLighting":false,"audioPlay":false,"sceneViewState":{"showFog":true,"showMaterialUpdate":false,"showSkybox":true,"showFlares":true,"showImageEffects":true,"showParticleSystems":true},"in2DMode":false,"pivot":{"x":-20.43460464477539,"y":7.240853309631348,"z":-0.8917446136474609},"rotation":{"x":-0.3553466796875,"y":-0.010658199898898602,"z":0.004052178002893925,"w":-0.9346650838851929},"size":15.536930084228516,"orthographic":false}