{"cameraMode":{"drawMode":0,"name":"Shaded","section":"Shading Mode"},"sceneLighting":false,"audioPlay":false,"sceneViewState":{"showFog":true,"showMaterialUpdate":false,"showSkybox":true,"showFlares":true,"showImageEffects":true,"showParticleSystems":true},"in2DMode":false,"pivot":{"x":-16.164836883544923,"y":17.48595428466797,"z":-105.61103820800781},"rotation":{"x":0.09024287015199661,"y":0.7230589389801025,"z":-0.0962301716208458,"w":0.6780720949172974},"size":36.462711334228519,"orthographic":false}