{"cameraMode":{"drawMode":0,"name":"Shaded","section":"Shading Mode"},"sceneLighting":false,"audioPlay":false,"sceneViewState":{"showFog":true,"showMaterialUpdate":false,"showSkybox":true,"showFlares":true,"showImageEffects":true,"showParticleSystems":true},"in2DMode":false,"pivot":{"x":2.571104049682617,"y":0.6834092140197754,"z":-6.044520854949951},"rotation":{"x":0.1173374354839325,"y":0.5587748885154724,"z":-0.08025754988193512,"w":0.8170442581176758},"size":13.572723388671875,"orthographic":false}