{"cameraMode":{"drawMode":0,"name":"Shaded","section":"Shading Mode"},"sceneLighting":false,"audioPlay":false,"sceneViewState":{"showFog":true,"showMaterialUpdate":false,"showSkybox":true,"showFlares":true,"showImageEffects":true,"showParticleSystems":true},"in2DMode":false,"pivot":{"x":-1.7292506694793702,"y":2.184302568435669,"z":0.5528090000152588},"rotation":{"x":0.14224381744861604,"y":0.8047690987586975,"z":-0.21392211318016053,"w":0.5351175665855408},"size":13.631706237792969,"orthographic":false}