{"cameraMode":{"drawMode":0,"name":"Shaded","section":"Shading Mode"},"sceneLighting":false,"audioPlay":false,"sceneViewState":{"showFog":true,"showMaterialUpdate":false,"showSkybox":true,"showFlares":true,"showImageEffects":true,"showParticleSystems":true},"in2DMode":false,"pivot":{"x":-21.949491500854493,"y":10.060001373291016,"z":-21.899999618530275},"rotation":{"x":-0.06197439134120941,"y":0.8464111685752869,"z":-0.10103761404752732,"w":-0.5191711783409119},"size":23.392789840698243,"orthographic":false}