{"cameraMode":{"drawMode":0,"name":"Shaded","section":"Shading Mode"},"sceneLighting":false,"audioPlay":false,"sceneViewState":{"showFog":true,"showMaterialUpdate":false,"showSkybox":true,"showFlares":true,"showImageEffects":true,"showParticleSystems":true},"in2DMode":false,"pivot":{"x":15.723770141601563,"y":6.500111103057861,"z":22.813499450683595},"rotation":{"x":0.0842089131474495,"y":0.004480014555156231,"z":-0.0003785445005632937,"w":0.9964379668235779},"size":32.027000427246097,"orthographic":false}