{"cameraMode":{"drawMode":0,"name":"Shaded","section":"Shading Mode"},"sceneLighting":true,"audioPlay":false,"sceneViewState":{"showFog":true,"showMaterialUpdate":false,"showSkybox":true,"showFlares":true,"showImageEffects":true,"showParticleSystems":true},"in2DMode":false,"pivot":{"x":-19.905805587768556,"y":14.637442588806153,"z":-22.164609909057618},"rotation":{"x":0.05657532438635826,"y":0.8471118807792664,"z":-0.09211171418428421,"w":0.5203039050102234},"size":8.788498878479004,"orthographic":false}