{"cameraMode":{"drawMode":0,"name":"Shaded","section":"Shading Mode"},"sceneLighting":true,"audioPlay":false,"sceneViewState":{"showFog":true,"showMaterialUpdate":false,"showSkybox":true,"showFlares":true,"showImageEffects":true,"showParticleSystems":true},"in2DMode":false,"pivot":{"x":-164.32208251953126,"y":-51.3792724609375,"z":139.51193237304688},"rotation":{"x":-0.404478520154953,"y":-0.39607173204421999,"z":0.2003498077392578,"w":-0.7996151447296143},"size":1750.0963134765625,"orthographic":false}