{"cameraMode":{"drawMode":0,"name":"Shaded","section":"Shading Mode"},"sceneLighting":true,"audioPlay":false,"sceneViewState":{"showFog":true,"showMaterialUpdate":false,"showSkybox":true,"showFlares":true,"showImageEffects":true,"showParticleSystems":true},"in2DMode":false,"pivot":{"x":-3.5200600624084474,"y":27.422056198120118,"z":10.766265869140625},"rotation":{"x":0.20997345447540284,"y":-0.04837886616587639,"z":0.010403148829936982,"w":0.9764540195465088},"size":71.01078796386719,"orthographic":false}