{"cameraMode":{"drawMode":0,"name":"Shaded","section":"Shading Mode"},"sceneLighting":false,"audioPlay":false,"sceneViewState":{"showFog":true,"showMaterialUpdate":false,"showSkybox":true,"showFlares":true,"showImageEffects":true,"showParticleSystems":true},"in2DMode":false,"pivot":{"x":331.2373046875,"y":2268.76904296875,"z":126.7890625},"rotation":{"x":0.13307836651802064,"y":0.1621677726507187,"z":-0.022077368572354318,"w":0.9774990677833557},"size":31691.701171875,"orthographic":false}