{"cameraMode":{"drawMode":0,"name":"Shaded","section":"Shading Mode"},"sceneLighting":false,"audioPlay":false,"sceneViewState":{"showFog":true,"showMaterialUpdate":false,"showSkybox":true,"showFlares":true,"showImageEffects":true,"showParticleSystems":true},"in2DMode":false,"pivot":{"x":13.917581558227539,"y":15.180000305175782,"z":29.590282440185548},"rotation":{"x":0.14224381744861604,"y":0.8047690987586975,"z":-0.21392211318016053,"w":0.5351175665855408},"size":77.88792419433594,"orthographic":false}