{"cameraMode":{"drawMode":0,"name":"Shaded","section":"Shading Mode"},"sceneLighting":false,"audioPlay":false,"sceneViewState":{"showFog":true,"showMaterialUpdate":false,"showSkybox":true,"showFlares":true,"showImageEffects":true,"showParticleSystems":true},"in2DMode":false,"pivot":{"x":96.37635803222656,"y":1665.4754638671875,"z":-1149.8817138671875},"rotation":{"x":0.11827381700277329,"y":0.6981635093688965,"z":-0.11862986534833908,"w":0.6960646510124207},"size":29.52146339416504,"orthographic":false}