{"cameraMode":{"drawMode":0,"name":"Shaded","section":"Shading Mode"},"sceneLighting":false,"audioPlay":false,"sceneViewState":{"showFog":true,"showMaterialUpdate":false,"showSkybox":true,"showFlares":true,"showImageEffects":true,"showParticleSystems":true},"in2DMode":false,"pivot":{"x":-15.983867645263672,"y":4.22471809387207,"z":-6.528885841369629},"rotation":{"x":-0.22588154673576356,"y":-0.6451079249382019,"z":0.20829005539417268,"w":-0.6995917558670044},"size":26.46211051940918,"orthographic":false}