{"cameraMode":{"drawMode":0,"name":"Shaded","section":"Shading Mode"},"sceneLighting":true,"audioPlay":false,"sceneViewState":{"showFog":false,"showMaterialUpdate":false,"showSkybox":false,"showFlares":false,"showImageEffects":false,"showParticleSystems":false},"in2DMode":false,"pivot":{"x":24.424413681030275,"y":10.07636833190918,"z":-10.933605194091797},"rotation":{"x":0.00046505790669471025,"y":0.9992097020149231,"z":-0.03779825195670128,"w":0.01229218952357769},"size":45.84362030029297,"orthographic":false}