{"cameraMode":{"drawMode":0,"name":"Shaded","section":"Shading Mode"},"sceneLighting":true,"audioPlay":false,"sceneViewState":{"showFog":true,"showMaterialUpdate":false,"showSkybox":true,"showFlares":true,"showImageEffects":true,"showParticleSystems":true},"in2DMode":false,"pivot":{"x":6.153120994567871,"y":27.465978622436525,"z":20.760089874267579},"rotation":{"x":0.016969788819551469,"y":0.9781327247619629,"z":-0.18741430342197419,"w":0.08856809884309769},"size":31.29521942138672,"orthographic":false}